id,winner,loser,weight_base,upvotes,source,evidence,home_team,comfort_axis,quote,url
1,Lincoln Aviator,Lexus RX,1.5,69,reddit,owned_one_td_other,0,ride,"genuine perfect vehicle… Lincoln still makes cars that are luxury only, not sporty at all",https://old.reddit.com/r/whatcarshouldIbuy/comments/1gi84ub/
2,Lincoln Aviator,Lincoln Corsair,1.5,2,reddit,owned_one_td_other,0,ride,"They don't ride as nice, and aren't built as well though",https://old.reddit.com/r/whatcarshouldIbuy/comments/1gi84ub/
3,Lexus RX,Audi A7,3.0,3,reddit,owned_both,0,nvh,"I've had a current gen RX and a last gen Audi A7, the Lexus was quieter and more softly sprung",https://old.reddit.com/r/whatcarshouldIbuy/comments/1gi84ub/
4,Volvo XC60,Mazda CX-5,3.0,9,reddit,owned_both,0,seats,"Love my CX5, but got a XC-60 last year and that wins hands down… Most comfortable seats I've tried",https://old.reddit.com/r/whatcarshouldIbuy/comments/1opp4z4/
5,Honda CR-V,Subaru Outback,2.0,24,reddit,test_drove_both,0,overall,"It's the CR-V, hands down. We test drove all of these and went with a 2025 CR-V Hybrid",https://old.reddit.com/r/whatcarshouldIbuy/comments/1opp4z4/
6,Honda CR-V,Mazda CX-50,2.0,24,reddit,test_drove_both,0,overall,"It's the CR-V, hands down. We test drove all of these",https://old.reddit.com/r/whatcarshouldIbuy/comments/1opp4z4/
7,Subaru Outback,Honda CR-V,1.5,2,reddit,opinion_plus_drive,0,ride,"Outback is much more comfortable. Drive the others over a bad road with potholes",https://old.reddit.com/r/whatcarshouldIbuy/comments/1opp4z4/
8,Subaru Outback,Mazda CX-5,1.5,2,reddit,opinion_plus_drive,0,ride,"Avoid Crv and Mazda. There are plenty of much more comfortable options.",https://old.reddit.com/r/whatcarshouldIbuy/comments/1opp4z4/
9,Subaru Outback 2026,Mazda CX-50,3.0,1,reddit,test_drove_both,0,seats,"I tried all the Mazda options and none of them were any better than the Mazda 3 I had I ended up with the 2026 out back and I love it",https://old.reddit.com/r/whatcarshouldIbuy/comments/1opp4z4/
10,Honda CR-V,Mazda CX-5,1.5,1,reddit,owned_one_td_other,0,overall,"I say all this as a cx5 owner (i'll be selling it soon)… CRV… is for sure comfy and smooth",https://old.reddit.com/r/whatcarshouldIbuy/comments/1opp4z4/
11,Toyota Venza,Subaru Outback,1.5,7,reddit,owned_one_td_other,0,nvh,"Venza is a nice blend… seats and road noise are a world of difference if you don't need the trunk space",https://old.reddit.com/r/whatcarshouldIbuy/comments/1opp4z4/
12,Toyota Venza,Honda CR-V,1.5,7,reddit,owned_one_td_other,0,nvh,"seats and road noise are a world of difference if you don't need the trunk space of the Outback or crv",https://old.reddit.com/r/whatcarshouldIbuy/comments/1opp4z4/
13,BMW X5,Honda CR-V,1.5,7,reddit,owned_one_family,0,overall,"All of them prefer the X5 if we're together and doing… a longer road trip",https://old.reddit.com/r/whatcarshouldIbuy/comments/1opp4z4/
14,BMW X5,Lexus RX,1.5,7,reddit,owned_one_family,0,overall,"My brother has a 2022 RX350… prefer the X5… longer road trip",https://old.reddit.com/r/whatcarshouldIbuy/comments/1opp4z4/
15,BMW X5,Toyota RAV4,1.5,7,reddit,owned_one_family,0,overall,"My neighbor has the 2024 RAV4… prefer the X5",https://old.reddit.com/r/whatcarshouldIbuy/comments/1opp4z4/
16,Lexus RX,Cadillac XT5,1.5,5,reddit,owned_one_td_other,0,ride,"for your mom, I think the RX would be better" (vs XC60 harsher; XT5 called lazy),https://old.reddit.com/r/whatcarshouldIbuy/comments/1kipn8g/
17,Lincoln Nautilus,Cadillac XT5,1.5,18,reddit,opinion_plus_drive,0,ride,"XT5 is a lazy money grab… Look for… Lincoln NAUTILUS - Nautilus has a soft suspension tune",https://old.reddit.com/r/whatcarshouldIbuy/comments/1kipn8g/
18,Lexus RX,Lexus NX,1.5,2,reddit,owned_one_td_other,0,ride,"RX definitely has a better ride. Longer wheelbase… NX suffers from being the luxury version of a RAV4",https://old.reddit.com/r/whatcarshouldIbuy/comments/1kipn8g/
19,Lexus RX,Toyota RAV4,1.5,1,reddit,owned_one_td_other,0,overall,"She only cares about comfort so you recommend one of the least comfortable… 😭",https://old.reddit.com/r/whatcarshouldIbuy/comments/1kipn8g/
20,Volvo XC60,Toyota RAV4,3.0,31,reddit,owned_both,0,seats,"I went from rav4 to an xc60. I could never get comfortable in the rav… Can drive the volvo all day",https://old.reddit.com/r/whatcarshouldIbuy/comments/1nejfj3/
21,Volvo XC60,Toyota RAV4,3.0,9,reddit,owned_both,0,seats,"Have had a RAV4 for 7 years… XC60… most comfortable car I have driven… she drives it far more than her Rav4 now",https://old.reddit.com/r/whatcarshouldIbuy/comments/1nejfj3/
22,Volvo XC60,Mazda CX-50,1.5,3,reddit,owned_one_rode_other,0,seats,"they weren't bad imo. Not as comfortable as our xc60 Volvos",https://old.reddit.com/r/whatcarshouldIbuy/comments/1nejfj3/
23,Volvo XC60,BMW X3,1.5,5,reddit,test_drove_both,0,seats,"The Volvo is more comfortable but the BMW infotainment was much better",https://old.reddit.com/r/whatcarshouldIbuy/comments/1nejfj3/
24,Audi Q5,Volvo XC60,2.0,4,reddit,test_drove_both,0,ride,"When I test drove the XC60… it rode like shit… The Q5 is definitely firmer than I think a crossover should be",https://old.reddit.com/r/whatcarshouldIbuy/comments/1nejfj3/
25,Audi Q5,Volvo XC60,2.0,11,reddit,test_drove_both,0,seats,"I have friends that have both the Q5 and the Volvo and the Q5 seats are really, really comfortable, more so in my opinion than the XC60",https://old.reddit.com/r/whatcarshouldIbuy/comments/1nejfj3/
26,Porsche Macan,Volvo XC60,2.0,2,reddit,test_drove_both,0,ride,"air suspension optioned Macan and Q5 were way more comfortable ride wise than the XC60",https://old.reddit.com/r/whatcarshouldIbuy/comments/1nejfj3/
27,Audi Q5,Volvo XC60,2.0,2,reddit,test_drove_both,0,ride,"air suspension optioned Macan and Q5 were way more comfortable ride wise than the XC60",https://old.reddit.com/r/whatcarshouldIbuy/comments/1nejfj3/
28,Mercedes GLC,Volvo XC60,1.5,3,reddit,owned_both,0,overall,"For me, Mercedes GLC is the most comfortable. I had a Volvo wagon… Mercedes is better",https://old.reddit.com/r/whatcarshouldIbuy/comments/1nejfj3/
29,Mercedes GLC,Volvo XC60,1.5,2,reddit,opinion_plus_drive,0,overall,"Benz GLC > XC60 at that price range every day of the week",https://old.reddit.com/r/whatcarshouldIbuy/comments/1nejfj3/
30,Volkswagen Tiguan,Toyota RAV4,2.0,4,reddit,test_drove_both,0,overall,"test drove 8 different vehicles in the RAV4 size category… Tiguan to be the most comfortable by far",https://old.reddit.com/r/whatcarshouldIbuy/comments/1nejfj3/
31,Lincoln Nautilus,Volvo XC60,1.5,10,reddit,opinion_plus_drive,0,ride,"If you want comfort in a RAV4 sized vehicle I'd test drive a Lincoln Nautilus. Lincoln suspensions… softness over handling",https://old.reddit.com/r/whatcarshouldIbuy/comments/1nejfj3/
32,Volvo XC60,Lexus RX,1.0,0,reddit,opinion,0,overall,"The rx is not even on the same spectrum as the Volvo",https://old.reddit.com/r/whatcarshouldIbuy/comments/1nejfj3/
33,Range Rover Sport,Porsche Cayenne,2.0,0,reddit,test_drove_both,0,ride,"2024-Range Rover Sport - … the SUV drives like a dream" vs Cayenne too sporty,https://old.reddit.com/r/whatcarshouldIbuy/comments/1fxpil5/
34,Porsche Cayenne,Porsche Cayenne,0.0,0,reddit,exclude,0,ride,dropped: Cayenne-with-air vs Cayenne-without-air is the same nameplate,https://old.reddit.com/r/whatcarshouldIbuy/comments/1fxpil5/
35,Mercedes GLE,Lexus GX,3.0,4,reddit,owned_both,0,ride,"I have a 19 Lexus GX and my wife has a 14 mercedes ml350, and the benz wins in the luxury ride and comfort hands down",https://old.reddit.com/r/whatcarshouldIbuy/comments/1fxpil5/
36,Lincoln Aviator,BMW X5,1.5,3,reddit,opinion_plus_drive,0,seats,"Lincoln would like a word. Their seats absolutely blow the BMW seats away",https://old.reddit.com/r/whatcarshouldIbuy/comments/1fxpil5/
37,BMW X7,BMW X5,3.0,3,reddit,owned_both,0,ride,"The longer wheel base and air suspension made the X7 feel like you were driving on a cloud, but the X5 was plenty good enough",https://old.reddit.com/r/whatcarshouldIbuy/comments/1fxpil5/
38,Audi Q7,Audi Q8,1.5,1,reddit,test_drove_both,0,ride,"If sticking with gas, I think the Q7 rides better than the gas Q8",https://old.reddit.com/r/whatcarshouldIbuy/comments/1fxpil5/
39,Mercedes GLE,BMW X5,3.0,1,reddit,owned_both,0,ride,"The GLE is a dramatically smoother ride and is my choice for a road trip",https://old.reddit.com/r/BMWX5/comments/1khcp25/
40,Mercedes GLE,BMW X5,3.0,1,reddit,owned_both,0,ride,"Mercedes is larger and more comfortable on longer trips",https://old.reddit.com/r/BMWX5/comments/1khcp25/
41,Mercedes GLE,BMW X5,1.5,1,reddit,owned_both,1,ride,"The X5 is more fun to drive… the Benz has… plusher and smoother drive for road trips",https://old.reddit.com/r/BMWX5/comments/1khcp25/
42,Mercedes GLE,BMW X5,3.0,1,reddit,owned_both,0,ride,"GLE is better for road-trips ngl and the x5 better to daily",https://old.reddit.com/r/BMWX5/comments/1khcp25/
43,Mercedes GLE,BMW X5,2.0,1,reddit,test_drove_both,0,nvh,"the merc seemed quieter and smoother to drive",https://old.reddit.com/r/BMWX5/comments/1khcp25/
44,BMW X5,Mercedes GLE,2.0,1,reddit,test_drove_both,1,ride,"X5 is still a smoother ride… the seats in the GLE were uncomfortable",https://old.reddit.com/r/BMWX5/comments/1khcp25/
45,BMW X5,Mercedes GLE,1.0,1,reddit,test_drove_both,1,overall,"Bmw is more comfortable... Really...",https://old.reddit.com/r/BMWX5/comments/1khcp25/
46,Mercedes GLE,BMW X5,3.0,2,reddit,owned_both,0,seats,"I do miss the merc seats… Felt the Benz seats were buttery and plush",https://old.reddit.com/r/BMWX5/comments/1khcp25/
47,BMW X5,Mercedes GLE,2.0,1,reddit,test_drove_both,1,seats,"My seats are absolutely more comfortable than the GLE, even as a bigger dude",https://old.reddit.com/r/BMWX5/comments/1khcp25/
48,BMW X5,Mercedes GLE,2.0,0,reddit,test_drove_both,1,seats,"with the inexpensive Multi contour seats option, the X5 seats are more comfortable… including the highest end Cayenne seats",https://old.reddit.com/r/BMWX5/comments/1khcp25/
49,BMW X5,Porsche Cayenne,2.0,0,reddit,test_drove_both,1,seats,"X5 seats are more comfortable and adjustable than anything else I tried, including the highest end Cayenne seats",https://old.reddit.com/r/BMWX5/comments/1khcp25/
50,BMW X5,Mercedes GLE,3.0,21,reddit,test_drove_both,1,ride,"X5 air suspension… We had a MB GLE350 for 3 years and it was too bouncy… traded… X5 M60i",https://old.reddit.com/r/whatcarshouldIbuy/comments/1mbg5ci/
51,Volvo XC90,Land Rover Defender,3.0,14,reddit,owned_both,1,ride,"Between the LR Defender and Volvo, I love the Volvo soooooooo much more… Volvo feels like smooth sailing",https://old.reddit.com/r/VolvoXC90/comments/1k10oqw/
52,Volvo XC90,Land Rover Defender,3.0,4,reddit,owned_both,1,seats,"I miss the subtlety of the Volvo and the ergonomics… It was so comfortable to drive!",https://old.reddit.com/r/VolvoXC90/comments/1k10oqw/
53,Volvo XC90,Rivian R1S,3.0,13,reddit,owned_both,1,ride,"I find this ride quality better, miss the air suspension but eh",https://old.reddit.com/r/VolvoXC90/comments/1k10oqw/
54,BMW X5,Volvo XC90,2.0,9,reddit,test_drove_both,0,overall,"The air suspension was great but still felt bulky. The X5 was an amazing blend of comfort and sporty",https://old.reddit.com/r/VolvoXC90/comments/1k10oqw/
55,Volvo XC90,BMW X5,1.5,2,reddit,owned_both,1,overall,"the Volvo would probably be more comfortable, but the X5 would be more fun",https://old.reddit.com/r/VolvoXC90/comments/1k10oqw/
56,BMW X7,Volvo XC90,3.0,7,reddit,owned_both,0,nvh,"When I got my X7, it was worlds better where I felt like I could have a quiet conversation",https://old.reddit.com/r/VolvoXC90/comments/1k10oqw/
57,Mercedes EQS SUV,Volvo XC90,3.0,7,reddit,owned_both,0,nvh,"the EQS took it another step up in serene-ness",https://old.reddit.com/r/VolvoXC90/comments/1k10oqw/
58,Volvo XC90,BMW X7,3.0,2,reddit,owned_both,1,seats,"I actually prefer both the seats and the ride of my XC90",https://old.reddit.com/r/VolvoXC90/comments/1k10oqw/
59,Volvo XC90,Mercedes GLE,1.5,3,reddit,owned_one_loaner,1,seats,"I've had a '24 GLE350 as a service loaner… I still prefer the XC90",https://old.reddit.com/r/VolvoXC90/comments/1k10oqw/
60,Volvo XC90,Mercedes GLE,1.5,1,reddit,test_drove_both,1,overall,"The MB seemed like it had better tech… and quite frankly not as comfortable as the Volvo",https://old.reddit.com/r/VolvoXC90/comments/1k10oqw/
61,BMW X5,Volvo XC90,3.0,4,reddit,owned_both,0,ride,"I just came from BMW, which was better in every way… Bigger engine with a smoother ride",https://old.reddit.com/r/VolvoXC90/comments/1k10oqw/
62,Volvo XC90,Audi Q7,1.5,1,reddit,owned_both,1,seats,"we have a new 2025 90 and Audi, Volvo seats and build are MILES ahead as is general comfort",https://old.reddit.com/r/VolvoXC90/comments/1k10oqw/
63,Volvo XC90,Subaru Forester,3.0,1,reddit,owned_both,1,ride,"I love the ride even without the air suspension. The seat, suspension, and handling is much better than my old Forester",https://old.reddit.com/r/VolvoXC90/comments/1k10oqw/
64,Lexus RX,Hyundai Palisade,3.0,7,reddit,owned_both,1,ride,"I've had 23 Genesis GV80 and a 20 Kia sonata and a 21 and 22 Hyundai Palisades. The Lexus is the smoothest of all of them",https://old.reddit.com/r/Lexus/comments/1mbotxx/
65,Lexus RX,Genesis GV80,3.0,7,reddit,owned_both,1,ride,"23 Genesis GV80… The Lexus is the smoothest of all of them",https://old.reddit.com/r/Lexus/comments/1mbotxx/
66,Lexus RX,Honda Passport,3.0,7,reddit,owned_both,1,ride,"24 RX and a 24 Honda passport… The Lexus is the smoothest",https://old.reddit.com/r/Lexus/comments/1mbotxx/
67,Cadillac Escalade,Lexus LX,1.5,1,reddit,owned_one_td_other,1,ride,"My LX rides somewhat like a truck, the escalade is more comfortable",https://old.reddit.com/r/Lexus/comments/1mbotxx/
68,Audi Q8,Lexus NX,2.0,3,reddit,test_drove_both,0,ride,"latest Audi Q8, the air suspension did feel way better than the NX",https://old.reddit.com/r/Lexus/comments/1mbotxx/
69,Range Rover,Lexus RX,1.5,2,reddit,owned_one_td_other,0,ride,"the only vehicles I've tried which feel smoother and better is the Range Rover Vogue or Sport",https://old.reddit.com/r/Lexus/comments/1mbotxx/
70,Range Rover,Mercedes GLE,1.5,2,reddit,owned_one_td_other,0,ride,"smoother and better is the Range Rover Vogue or Sport. That's notably better",https://old.reddit.com/r/Lexus/comments/1mbotxx/
71,Range Rover,BMW X5,1.5,2,reddit,owned_one_td_other,0,ride,"smoother and better is the Range Rover Vogue or Sport",https://old.reddit.com/r/Lexus/comments/1mbotxx/
72,Lexus ES,Lexus RX,3.0,12,reddit,owned_both,1,ride,"I've driven RX, nowhere close to ES",https://old.reddit.com/r/Lexus/comments/1mbotxx/
73,Genesis GV80,Lincoln Navigator,1.5,6,reddit,test_drove_both,0,overall,"he also tried the Lincoln Navigator and he said the GV80 was better in every respect",https://old.reddit.com/r/whatcarshouldIbuy/comments/1mbg5ci/
74,Lincoln Navigator,Hyundai Palisade,1.5,35,reddit,owned_one_td_other,0,ride,"I wouldn't put [Palisade] anywhere near the top… Escalade… newest Navigator is probably better",https://old.reddit.com/r/whatcarshouldIbuy/comments/1mbg5ci/
75,Cadillac Escalade,Hyundai Palisade,1.5,35,reddit,owned_one_td_other,0,ride,"Escalade in the biz fleet that's very comfortable… Palisade… not near the top",https://old.reddit.com/r/whatcarshouldIbuy/comments/1mbg5ci/
76,Range Rover,Hyundai Palisade,1.0,20,reddit,test_drove_both,0,nvh,"Range Rover. It's so incredibly quiet and such a smooth drive",https://old.reddit.com/r/whatcarshouldIbuy/comments/1mbg5ci/
77,Lexus LX,Genesis GV80,2.0,2,reddit,test_drove_both,0,overall,"Genesis GV was close 2nd… Mercedes GLS was my size equivalent 2nd choice… Lexus with the adaptive suspension is just a very pleasant car",https://old.reddit.com/r/whatcarshouldIbuy/comments/1mbg5ci/
78,Lexus LX,Mercedes GLS,2.0,2,reddit,test_drove_both,0,overall,"chose LX after driving everything else in the price range",https://old.reddit.com/r/whatcarshouldIbuy/comments/1mbg5ci/
79,Range Rover,Range Rover Sport,3.0,35,reddit,owned_both,1,ride,"I now drive a 2025 Range Rover full size… a bit bigger and cushier than my RRS… I love how serene the RR drives",https://old.reddit.com/r/RangeRover/comments/1tvpsc8/
80,Range Rover Sport,Mercedes GLE,3.0,35,reddit,owned_both,1,ride,"GLE was perhaps the poorest handling… I never felt tired after a long trip… RRS",https://old.reddit.com/r/RangeRover/comments/1tvpsc8/
81,Range Rover Sport,Porsche Cayenne,2.0,5,reddit,test_drove_both,1,seats,"interior itself was the main disappointment [Cayenne]… seats not particularly comfortable… RRS… luxury was just on a different level",https://old.reddit.com/r/RangeRover/comments/1tvpsc8/
82,Range Rover Sport,BMW X5,2.0,3,reddit,test_drove_both,1,ride,"I test drove a Cayenne, X5 and a RRS. Porsche felt sporty, Range Rover felt like sitting on a cloud",https://old.reddit.com/r/RangeRover/comments/1tvpsc8/
83,Range Rover Sport,Porsche Cayenne,2.0,3,reddit,test_drove_both,1,ride,"Range Rover felt like sitting on a cloud and more luxury",https://old.reddit.com/r/RangeRover/comments/1tvpsc8/
84,Range Rover Sport,Mercedes GLE,2.0,3,reddit,test_drove_both,1,overall,"I also considered GLE, but luxury wise it doesn't compare to RR and Porsche",https://old.reddit.com/r/RangeRover/comments/1tvpsc8/
85,Range Rover,Audi Q8,3.0,3,reddit,owned_both,1,overall,"Had a Q8 prestige… Traded in on a 25' full size… It is FAR MORE of a nice car than the Audi",https://old.reddit.com/r/RangeRover/comments/1tvpsc8/
86,Range Rover Sport,Volvo XC90,3.0,2,reddit,owned_both,1,ride,"Before we briefly had an XC90… quite 'boaty'… driving feel is almost incomparable",https://old.reddit.com/r/RangeRover/comments/1tvpsc8/
87,Tesla Model X,Tesla Model Y,3.0,218,x,owned_both,0,ride,"Compared to the Model Y, in which you feel every bump, the X's air suspension makes it feel like you're floating",https://x.com/techiedani/status/2001727060851724770
88,Hyundai Palisade,Tesla Model Y,1.5,1,x,owned_one_td_other,0,seats,"I wish the seat was more comfortable, vs the Palisade for example. These big cars are made to be more comfortable",https://x.com/rochaa81_/status/2087439092153975161
89,Hyundai Palisade,Kia Telluride,2.0,5,reddit,test_drove_both,0,ride,"Absolutely recommend palisade over telluride for ride comfort. It was the biggest reason we chose it",https://old.reddit.com/r/HyundaiPalisade/comments/1f92fi2/
90,Hyundai Palisade,Kia Telluride,2.0,3,reddit,test_drove_both,0,ride,"Palisade felt like a smoother more refined ride at highway speed… Telluride felt more truck-like",https://old.reddit.com/r/HyundaiPalisade/comments/1vbpz0c/
91,Kia Telluride,Hyundai Palisade,2.0,4,reddit,test_drove_both,1,seats,"we both feel the front seats in the Telluride are more comfortable",https://old.reddit.com/r/KiaTelluride/comments/1ui2vyi/
92,Land Rover,Volvo XC60,1.5,4,reddit,test_drove_both,0,ride,"For comfort the only answer is a Land Rover product… they have air suspension / cushy seats figured out",https://old.reddit.com/r/whatcarshouldIbuy/comments/1nejfj3/
93,Volvo XC60,BMW X1,1.5,5,reddit,test_drove_both,0,seats,"When I looked, it was between this and the BMW X1/X3. Both better than the Rav. The Volvo is more comfortable",https://old.reddit.com/r/whatcarshouldIbuy/comments/1nejfj3/
94,Audi Q5,BMW X3,1.5,1,reddit,owned_one_td_other,0,seats,"BMW x3 is more on the firm side. Goldilocks for me was the Audi SQ5. Best seats, still quiet",https://old.reddit.com/r/whatcarshouldIbuy/comments/1nejfj3/
95,Volvo XC60,BMW X3,1.5,1,reddit,owned_one_td_other,0,ride,"Volvo is like a BMW [firm?]. BMW x3 is more on the firm side",https://old.reddit.com/r/whatcarshouldIbuy/comments/1nejfj3/
96,Toyota Highlander,Honda CR-V,1.0,2,reddit,opinion,0,overall,"I would actually recommend you to also try Toyota Highlander, according to long trips and comfort it is very perfect",https://old.reddit.com/r/whatcarshouldIbuy/comments/1opp4z4/
97,Mazda CX-9,Mazda CX-50,1.5,1,reddit,owned_one_td_other,0,ride,"I suggest trying out a used Mazda cx-9. Those ride like a dream",https://old.reddit.com/r/whatcarshouldIbuy/comments/1opp4z4/
98,Acura MDX,Lexus RX,1.5,41,reddit,opinion_plus_drive,0,seats,"Acura MDX maybe. The Lexus RX others are suggesting is fairly tight inside",https://old.reddit.com/r/whatcarshouldIbuy/comments/1opp4z4/
99,Genesis GV80,Mercedes GLE,2.0,6,reddit,test_drove_both,0,interior,"cross shopped the Genesis GV80, X5 and GLE… Genesis > bmw > merc",https://old.reddit.com/r/BMWX5/comments/1khcp25/
100,Genesis GV80,BMW X5,2.0,6,reddit,test_drove_both,0,interior,"interior quality: Genesis > bmw > merc",https://old.reddit.com/r/BMWX5/comments/1khcp25/
101,BMW X5,Mercedes GLE,2.0,11,reddit,test_drove_both,1,ride,"GLE feels heavier, like driving a pontoon boat. The X5 feels like a ski boat",https://old.reddit.com/r/BMWX5/comments/1khcp25/
102,Range Rover Sport,Mercedes GLE AMG,3.0,1,reddit,owned_both,0,ride,"husband drives a GLE Coupe AMG… the drive is aggressive and jerky… RRS is top tier luxury",https://old.reddit.com/r/RangeRover/comments/1tvpsc8/
103,BMW iX,Tesla Model X,1.0,153,x,journalist,0,ride,journalist: excluded from default fit,https://x.com/edmunds/status/1442972931244507140
104,Hyundai Palisade,Mazda CX-90,3.0,1,reddit,owned_both,1,ride,"it takes bumps like dogshit… We end up using the palisade for all the family trips as it's more comfy… rides way better on the highway",https://old.reddit.com/r/HyundaiPalisade/comments/18yshg3/
105,Hyundai Palisade,Toyota Grand Highlander,2.0,9,reddit,test_drove_both,1,seats,"The third row was uncomfortable (I am 6'1)… Palisade… Third row was comfy for me",https://old.reddit.com/r/HyundaiPalisade/comments/18yshg3/
106,Lexus TX,Toyota Grand Highlander,2.0,9,reddit,test_drove_both,0,ride,"Don't pay too much over MSRP for the Grand Highlander… the TX drives way way way nicer",https://old.reddit.com/r/HyundaiPalisade/comments/18yshg3/
107,Hyundai Palisade,Toyota Highlander,2.0,1,reddit,test_drove_both,0,ride,"The Highlander was very mediocre… the ride was bumpy… Got the Palisade",https://old.reddit.com/r/whatcarshouldIbuy/comments/1imxwt9/
108,Toyota Highlander,Hyundai Palisade,1.5,3,reddit,owned_one_td_other,0,nvh,"I test drove the 2021 Palisades and did not like it. Loud on the highway and uncomfortable seating position… Highlander drives better and is more comfortable overall",https://old.reddit.com/r/whatcarshouldIbuy/comments/1imxwt9/
109,Toyota Highlander,Honda Pilot,3.0,3,reddit,owned_both,0,ride,"About equally quiet, the Highlander is smoother",https://old.reddit.com/r/whatcarshouldIbuy/comments/1imxwt9/
110,Toyota Grand Highlander,Hyundai Palisade,2.0,3,reddit,test_drove_both,1,ride,"I test drove the palisade and Grand Highlander hybrid. The GHH was an incredible smooth drive compared to the palisade",https://old.reddit.com/r/ToyotaGrandHighlander/comments/1ni1ytb/
111,Hyundai Palisade,Toyota Grand Highlander,1.5,2,reddit,owned_one_family,0,seats,"the Palisade has a slightly nicer interior, with the seats being a little more luxurious",https://old.reddit.com/r/ToyotaGrandHighlander/comments/1ni1ytb/
112,Honda Pilot,Toyota Grand Highlander,2.0,10,reddit,test_drove_both,1,seats,"I found the 3rd row of the Honda Pilot to be more comfortable",https://old.reddit.com/r/hondapilot/comments/1q04x8z/
113,Hyundai Palisade,Honda Pilot,2.0,5,reddit,test_drove_both,1,seats,"Palisade is way more comfortable all around. Back seats of the pilot feel like plywood with leather covering",https://old.reddit.com/r/HyundaiPalisade/comments/1u88tgf/
114,Hyundai Palisade,Honda Pilot,2.0,15,reddit,test_drove_both,1,overall,"The Palisade was just much nicer and way more comfortable than the Honda",https://old.reddit.com/r/HyundaiPalisade/comments/1u88tgf/
115,Hyundai Palisade,Honda Pilot,2.0,1,reddit,test_drove_both,1,overall,"We bought the Palisade. Honda very uncomfortable",https://old.reddit.com/r/HyundaiPalisade/comments/1u88tgf/
116,Hyundai Palisade,Kia Telluride,2.0,0,cars.com,test_drove_both,0,ride,"We were going back between the Palisade & Telluride, test drove both and the Palisade was far superior and drove much smoother",https://www.cars.com/research/hyundai-palisade-2022/consumer-reviews/
117,Hyundai Palisade,Toyota Highlander,2.0,0,edmunds,test_drove_both,0,nvh,"After test driving the Toyota highlander, KIA Telluride, GMC Acadia and KIA carnival my wife only liked 2026 pallisades as it is quiet",https://www.edmunds.com/hyundai/palisade/2026/consumer-reviews/
118,Hyundai Palisade,Kia Telluride,2.0,0,edmunds,test_drove_both,0,nvh,"After test driving the Toyota highlander, KIA Telluride, GMC Acadia and KIA carnival my wife only liked 2026 pallisades as it is quiet",https://www.edmunds.com/hyundai/palisade/2026/consumer-reviews/
119,Hyundai Palisade,Lexus TX,2.0,0,edmunds,test_drove_both,0,nvh,"From our test drives the Palisade is quieter than both the TX 500h and Grand Highlander Hybrid MAX",https://www.edmunds.com/hyundai/palisade/2026/hybrid/
120,Hyundai Palisade,Toyota Grand Highlander,2.0,0,edmunds,test_drove_both,0,nvh,"From our test drives the Palisade is quieter than both the TX 500h and Grand Highlander Hybrid MAX",https://www.edmunds.com/hyundai/palisade/2026/hybrid/
121,Hyundai Palisade,Toyota Highlander,3.0,0,edmunds,owned_both,0,nvh,"quieter than the 2018 Toyota Highlander I traded in. It's smooth and fast",https://www.edmunds.com/hyundai/palisade/2024/
122,Lincoln Aviator,BMW X5,1.5,1,reddit,owned_one_rode_other,0,overall,"The aviator is just flat out comfortable. It's much more passenger hauler friendly than the x5",https://old.reddit.com/r/carbuying/comments/1oyqp8t/
123,Lincoln Aviator,BMW X5,3.0,1,reddit,owned_both,0,ride,"The Aviator is smoother while the X5 is sportier",https://old.reddit.com/r/carbuying/comments/1oyqp8t/
124,BMW X5,Lincoln Aviator,1.5,3,reddit,owned_one_td_other,0,ride,"coil spring suspension on X5 rides better than Aviator air ride and overall NVH is way better controlled. It's a lot quieter",https://old.reddit.com/r/lincolnmotorco/comments/1oxqycn/
125,BMW X7,Lincoln Aviator,2.0,2,reddit,test_drove_both,0,ride,"The X7 ride was a hair smoother but I don't think it justified the extra 10k",https://old.reddit.com/r/lincolnmotorco/comments/1oxqycn/
126,Lincoln Aviator,BMW X7,2.0,2,reddit,test_drove_both,0,seats,"She couldn't get comfortable in the X7's we tried",https://old.reddit.com/r/lincolnmotorco/comments/1oxqycn/
127,Lincoln Aviator,Lexus TX,1.0,1,reddit,passenger,0,seats,"I really wanted to like the TX, but found their seat comfort to be poor. We didn't even get to a test drive",https://old.reddit.com/r/lincolnmotorco/comments/1oxqycn/
128,Mercedes GLS,BMW X7,3.0,17,reddit,owned_both,0,ride,"The GLS ride is a bit smoother and more refined while the BMW ride is more aggressive/sporty",https://old.reddit.com/r/bmwx7/comments/1nzv4yx/
129,Mercedes GLS,BMW X7,2.0,1,reddit,test_drove_both,0,ride,"GLS definitely rides smoother while X7 feels a bit connected to the road",https://old.reddit.com/r/bmwx7/comments/1nzv4yx/
130,Mercedes GLS,BMW X7,2.0,3,reddit,test_drove_both,0,ride,"Road smoothness and bumper: GLS",https://old.reddit.com/r/bmwx7/comments/1nzv4yx/
131,Mercedes GLS,BMW X7,2.0,3,reddit,test_drove_both,0,seats,"Seat comfort: GLS",https://old.reddit.com/r/bmwx7/comments/1nzv4yx/
132,Cadillac Escalade,BMW X7,1.2,1,reddit,opinion_plus_drive,0,ride,"the Escalade is a cloud by comparison. More isolation, less feel",https://old.reddit.com/r/whatcarshouldIbuy/comments/1hplh9w/
133,BMW X7,Cadillac Escalade,3.0,51,reddit,owned_both,1,ride,"I find it to ride smoother than the Caddy… kids are actually a bit more comfortable in the second row than the Caddy",https://old.reddit.com/r/BMW/comments/14x5517/
134,Tesla Model X,Cadillac Escalade,3.0,5,reddit,owned_both,0,ride,"The Tesla is a smoother ride and a more enjoyable drive",https://old.reddit.com/r/TeslaModelX/comments/1gfaxi9/
135,Cadillac Escalade,Tesla Model X,3.0,5,reddit,owned_both,0,seats,"The Escalade seats were definitely more comfortable for longer road trips",https://old.reddit.com/r/TeslaModelX/comments/1gfaxi9/
136,Cadillac Escalade,Tesla Model X,3.0,2,reddit,owned_both,0,overall,"I have the X. Had an Escalade. The Escalade is way more comfortable and roomy",https://old.reddit.com/r/TeslaModelX/comments/1gfaxi9/
137,Lincoln Nautilus,Lexus RX,2.0,4,reddit,test_drove_both,0,nvh,"Lincoln is really more comfortable and quiet inside",https://old.reddit.com/r/whatcarshouldIbuy/comments/1nii2zi/
138,Volvo XC60,Lincoln Nautilus,2.0,3,reddit,test_drove_both,0,overall,"We test drove both, and it wasn't even close. The Volvo was superior in comfort, ride, build quality",https://old.reddit.com/r/VolvoXC60/comments/1sthyuw/
139,Lincoln Nautilus,Volvo XC60,2.0,1,reddit,test_drove_both,0,seats,"the nautilus has a better and more comfortable seat configuration… The massage and the heat/cool is far more intense in the Lincoln",https://old.reddit.com/r/VolvoXC60/comments/1sthyuw/
140,Audi Q7,Volvo XC90,2.0,8,reddit,test_drove_both,1,nvh,"The Q7 is much quieter… The XC90 has better third row seats, has a noisy engine",https://old.reddit.com/r/AudiQ7/comments/1qj0cv1/
141,Volvo XC90,Audi Q7,2.0,8,reddit,test_drove_both,0,seats,"The XC90 has better third row seats",https://old.reddit.com/r/AudiQ7/comments/1qj0cv1/
142,Audi Q7,Volvo XC90,3.0,3,reddit,owned_both,1,nvh,"Audi is so much nicer inside, quieter, and more premium. Not missing the Volvo a bit",https://old.reddit.com/r/AudiQ7/comments/1qj0cv1/
143,Audi Q7,Volvo XC90,3.0,2,reddit,owned_both,0,nvh,"There are more squeaks in the XC90",https://old.reddit.com/r/AudiQ7/comments/1qj0cv1/
144,Hyundai Palisade,Lincoln Nautilus,3.0,0,cars.com,owned_both,0,nvh,"Unbelievable ride. Very quiet. Better than the Lincoln Nautilis 2023 black label that we had. That car was rough and noisy",https://www.cars.com/research/hyundai-palisade_hybrid-2026/consumer-reviews/
145,Hyundai Palisade,Lincoln Aviator,3.0,0,cars.com,owned_both,0,overall,"I've had a Lincoln Aviator, Ford Explorer, Expedition… This Hyundai is so much more comfortable",https://www.cars.com/research/hyundai-palisade-2024/consumer-reviews/
146,Hyundai Palisade,Ford Explorer,3.0,0,cars.com,owned_both,0,ride,"Went from a Ford Explorer which had a horrible ride… to the Palisade. Unbelievably smooth ride. Very comfortable seats",https://www.cars.com/research/hyundai-palisade-2023/consumer-reviews/
147,Hyundai Palisade,Honda Pilot,3.0,0,cars.com,owned_both,0,ride,"Rides better than our Honda Pilot",https://www.cars.com/research/hyundai-palisade-2021/consumer-reviews/?page=3
148,Ford Explorer,Kia Telluride,1.5,0,cars.com,owned_one_td_other,0,ride,"I've driven a Kia Telluride… I found the ride to be on the harsh side, especially in the second row",https://www.cars.com/research/ford-explorer-2022/consumer-reviews/
149,Kia Telluride,Honda Pilot,3.0,0,cars.com,owned_both,0,nvh,"Feels close to the same size of the Pilot but certainly quieter",https://www.cars.com/research/kia-telluride-2020/consumer-reviews/?page=15
150,Lincoln Navigator,Cadillac Escalade,1.5,0,cars.com,owned_one_td_other,0,ride,"Lincoln Navigator still has the Cadillac Escalade beat, by far, in my opinion",https://www.cars.com/research/cadillac-escalade-2021/consumer-reviews/
151,Cadillac Escalade,Lincoln Navigator,1.5,0,cars.com,owned_one_td_other,0,seats,"The only thing I liked better about the Escalade versus the Navigator are the lack of contouring in the seats",https://www.cars.com/research/cadillac-escalade-2021/consumer-reviews/
152,Mercedes GLS,Lincoln Navigator,2.0,0,cars.com,test_drove_both,0,ride,"the Mercedes GLS had a smoother ride and the BMW had a more agile driving experience",https://www.cars.com/research/lincoln-navigator-2024/consumer-reviews/
153,Toyota Highlander,Toyota RAV4,3.0,0,cars.com,owned_both,0,nvh,"Love the ride, quieter than the Rav 4 and definitely more room",https://www.cars.com/research/toyota-highlander-2023/
154,Honda CR-V,Toyota RAV4,3.0,0,cars.com,owned_both,0,nvh,"I had a 2021 hybrid RAV4 and I am glad I traded in for my CR-V Hybrid… It's very quiet",https://www.cars.com/research/honda-cr_v_hybrid-2023/consumer-reviews/
155,Hyundai Palisade,Toyota Highlander,3.0,13,reddit,owned_both,0,ride,"I owned a 2020 palisade platinum and a 2023 highlander platinum. The Palisade ride is alot smoother",https://old.reddit.com/r/ToyotaHighlander/comments/15vt1b4/
156,Hyundai Palisade,Honda Pilot,1.5,2,reddit,owned_one_td_other,0,ride,"Recently rented a 2020 Palisade for 4 days… Smoother ride and drive",https://old.reddit.com/r/hondapilot/comments/1dbtylq/
157,Honda Pilot,Hyundai Palisade,2.0,1,reddit,test_drove_both,0,seats,"my sciatic nerve was twanging a bit in the palisade, and it didn't in the pilot. That concerned me for long drives",https://old.reddit.com/r/hondapilot/comments/1dbtylq/
158,Hyundai Palisade,Toyota Highlander,2.0,3,reddit,test_drove_both,0,ride,"Rides smoother than the Highlander or Pilot from the test drives I did",https://old.reddit.com/r/HyundaiPalisade/comments/shirxh/
159,Hyundai Palisade,Honda Pilot,2.0,3,reddit,test_drove_both,0,ride,"Rides smoother than the Highlander or Pilot from the test drives I did",https://old.reddit.com/r/HyundaiPalisade/comments/shirxh/
160,Hyundai Palisade,Volkswagen Atlas,2.0,2,reddit,test_drove_both,0,ride,"I almost bought the VW Atlas, but went with palisade because how smooth the ride is",https://old.reddit.com/r/HyundaiPalisade/comments/shirxh/
161,Hyundai Palisade,Honda Pilot,3.0,1,reddit,owned_both,0,ride,"We sold our 2020 pilot recently to upgrade to the palisade. It drives much smoother and is very quite",https://old.reddit.com/r/HyundaiPalisade/comments/shirxh/
162,Hyundai Palisade,Kia Telluride,2.0,3,reddit,test_drove_both,0,seats,"Telluride seats were too firm and uncomfortable. Palisade seats were much more comfortable",https://old.reddit.com/r/whatcarshouldIbuy/comments/1h1x5ns/
163,Hyundai Palisade,Toyota Highlander,2.0,3,reddit,test_drove_both,0,seats,"With both of the Toyotas, the seat comfort sucked… both didn't feel like they handled the road bumps as good",https://old.reddit.com/r/whatcarshouldIbuy/comments/1h1x5ns/
164,Hyundai Palisade,Toyota Grand Highlander,2.0,3,reddit,test_drove_both,0,ride,"both didn't feel like they handled the road bumps as good as I had hoped for a 50k vehicle",https://old.reddit.com/r/whatcarshouldIbuy/comments/1h1x5ns/
165,Hyundai Palisade,Mazda CX-90,2.0,5,reddit,test_drove_both,0,overall,"we chose the 2024 Palisade Calligraphy… The Palisade is more comfortable",https://old.reddit.com/r/HyundaiPalisade/comments/1fsiwla/
166,Mazda CX-90,Hyundai Palisade,2.0,5,reddit,test_drove_both,0,seats,"Calligraphy seat was super high on the lowest setting. To the point it felt extremely uncomfortable at 6' 3",https://old.reddit.com/r/MazdaCX90/comments/1lvxpqc/
167,Hyundai Palisade,Toyota Grand Highlander,3.0,3,reddit,owned_both,0,ride,"We own one of each… The Palisade is a great ride… The GHHL is a stiffer ride",https://old.reddit.com/r/HyundaiPalisade/comments/1sm5dk5/
168,Toyota Grand Highlander,Hyundai Palisade,2.0,1,reddit,test_drove_both,0,seats,"More comfortable front seats. I am somewhat on the large side (6'3, 210lbs) and found the front seats to fit my body much better in the GH",https://old.reddit.com/r/HyundaiPalisade/comments/1sm5dk5/
169,Hyundai Palisade,Subaru Ascent,2.0,5,reddit,test_drove_both,0,overall,"I test drove the Ascent… I subjectively didn't find the Ascent as comfortable",https://old.reddit.com/r/HyundaiPalisade/comments/1bjbnxk/
170,Subaru Ascent,Hyundai Palisade,2.0,6,reddit,test_drove_both,0,ride,"the ride is as good as the others (slight edge to Ascent though). Pallisade is the quietest riding too",https://old.reddit.com/r/SubaruAscent/comments/1ma59pu/
171,Hyundai Palisade,Toyota Highlander,2.0,6,reddit,test_drove_both,0,nvh,"the two Japanese are so noisy they are a chore on the highway… Pallisade is the quietest riding too",https://old.reddit.com/r/SubaruAscent/comments/1ma59pu/
172,Hyundai Palisade,Honda Pilot,2.0,6,reddit,test_drove_both,0,nvh,"the two Japanese are so noisy they are a chore on the highway… Pallisade is the quietest riding too",https://old.reddit.com/r/SubaruAscent/comments/1ma59pu/
173,Subaru Ascent,Hyundai Palisade,2.0,3,reddit,test_drove_both,0,ride,"Test drove all 3 and a CX-90 and bought a Subaru Ascent. Liked the ride on that the best",https://old.reddit.com/r/HyundaiPalisade/comments/1t7uy7m/
174,Subaru Ascent,Kia Telluride,2.0,3,reddit,test_drove_both,0,ride,"Test drove all 3 and a CX-90 and bought a Subaru Ascent. Liked the ride on that the best",https://old.reddit.com/r/HyundaiPalisade/comments/1t7uy7m/
175,Subaru Ascent,Toyota Grand Highlander,2.0,3,reddit,test_drove_both,0,ride,"Test drove all 3 and a CX-90 and bought a Subaru Ascent. Liked the ride on that the best",https://old.reddit.com/r/HyundaiPalisade/comments/1t7uy7m/
176,Kia Telluride,Ford Explorer,1.5,2,reddit,owned_one_td_other,0,ride,"I drove the Explorer recently on a 4 hour round-trip… the Telluride wins… the ride was smoother",https://old.reddit.com/r/KiaTelluride/comments/v6qjcp/
177,Kia Telluride,Toyota Highlander,2.0,2,reddit,test_drove_both,0,seats,"Highlander was OK but not as comfortable as the Telluride",https://old.reddit.com/r/KiaTelluride/comments/1q3tg25/
178,Honda Pilot,Toyota Highlander,3.0,3,reddit,owned_both,0,nvh,"My 2025 Pilot drives a lot better than my 2021 Highlander… quieter than my Highlander, and it has less wind noise",https://old.reddit.com/r/hondapilot/comments/1i69mt0/
179,Toyota Grand Highlander,Hyundai Palisade,2.0,5,reddit,test_drove_both,0,overall,"We test drove… Palisade, and Kia Telluride, and the Grand Highlander is in a league of it's own… ride quality, noise-reducing glass",https://old.reddit.com/r/Toyota/comments/1d49sgi/
180,Toyota Grand Highlander,Kia Telluride,2.0,5,reddit,test_drove_both,0,overall,"We test drove… Palisade, and Kia Telluride, and the Grand Highlander is in a league of it's own… ride quality, noise-reducing glass",https://old.reddit.com/r/Toyota/comments/1d49sgi/
181,Lincoln Aviator,Volvo XC90,2.0,1,reddit,test_drove_both,0,overall,"We bought the aviator. More comfortable than any of the other cars we tested… smoothest ride of them all",https://old.reddit.com/r/whatcarshouldIbuy/comments/fbrbpk/
182,Lincoln Aviator,BMW X5,2.0,1,reddit,test_drove_both,0,nvh,"The x5 was fun… It was loud as hell… We bought the aviator… a hell of a lot quieter",https://old.reddit.com/r/whatcarshouldIbuy/comments/fbrbpk/
183,Cadillac Escalade,Lincoln Navigator,3.0,2,reddit,owned_both,0,ride,"I've had both and currently have 24 Navigator L. Escalade was leagues above in ride quality",https://old.reddit.com/r/whatcarshouldIbuy/comments/1o6ue2b/
184,Cadillac Escalade,Lincoln Navigator,2.0,5,reddit,test_drove_both,1,ride,"The Escalade's air suspension is king… It's a smoother ride over minor/average bumps",https://old.reddit.com/r/lincolnmotorco/comments/1mxp6lh/
185,Lincoln Navigator,Cadillac Escalade,2.0,6,reddit,test_drove_both,1,seats,"The seats, especially the massage function, of the Navigator were more comfortable than the latest Escalade seats",https://old.reddit.com/r/lincolnmotorco/comments/1mxp6lh/
186,Cadillac Escalade,Lincoln Navigator,3.0,1,reddit,owned_both,0,ride,"my wife's 24 Escalade is so much better than my '25 Navi… ride quality, suspension, seats are way more comfortable",https://old.reddit.com/r/lincolnmotorco/comments/1mxp6lh/
187,Lincoln Navigator,Cadillac Escalade,2.0,8,reddit,test_drove_both,0,overall,"Ha! I went to all three showrooms and test drove these 3 SUVs just yesterday. Navigator was the most comfortable",https://old.reddit.com/r/Cadillac/comments/1d2hnnw/
188,Audi Q7,BMW X5,3.0,2,reddit,owned_both,1,ride,"We have the air suspension on both vehicles. The Audi is smoother by design and quieter also by design",https://old.reddit.com/r/AudiQ7/comments/1jg90iw/
189,Audi Q7,BMW X5,3.0,1,reddit,owned_both,1,seats,"I had Q7 and switched to X5… Q7 has a great and comfortable ride. Seats are better and amazing ride on long drives",https://old.reddit.com/r/AudiQ7/comments/1jg90iw/
190,Audi Q8,Audi Q7,2.0,241,reddit,test_drove_both,0,ride,"the suspension is quite a bit worse than the Q8… felt kind of like riding in an older pickup truck",https://old.reddit.com/r/whatcarshouldIbuy/comments/1bexbx9/
191,BMW X5,Acura MDX,2.0,241,reddit,test_drove_both,0,ride,"For the suspension, I'd say [the X5] was like the MDX but more refined. It handled imperfections much better",https://old.reddit.com/r/whatcarshouldIbuy/comments/1bexbx9/
192,Acura MDX,Audi Q7,2.0,241,reddit,test_drove_both,0,ride,"Suspension Comfort: … MDX > Q8 > Cayenne > Q7",https://old.reddit.com/r/whatcarshouldIbuy/comments/1bexbx9/
193,Acura MDX,BMW X5,3.0,5,reddit,owned_both,0,seats,"we already have an x5m50i. But overall we prefer the type S advance… massaging seats are far better than the x5",https://old.reddit.com/r/whatcarshouldIbuy/comments/1bexbx9/
194,BMW X5,Lexus GX,3.0,18,reddit,owned_both,0,ride,"Wife has the gx. Used to have x5 m50. BMW is much more luxurious and a smoother ride",https://old.reddit.com/r/LexusGX/comments/1hbqsk9/
195,BMW X7,Lexus GX,2.0,24,reddit,test_drove_both,0,nvh,"We find the BMW more quiet, less bumpy, and more luxurious",https://old.reddit.com/r/LexusGX/comments/1hbqsk9/
196,Lincoln Nautilus,Lexus RX,1.5,3,reddit,owned_one_rode_other,1,ride,"I have a '24 BL Hybrid and relatives have a '24 RX Hybrid… The Nautilus is quieter. The Nautilus is a little floatier and mutes impacts better",https://old.reddit.com/r/lincolnmotorco/comments/1mrifgs/
197,Genesis GV80,BMW X5,2.0,9,reddit,test_drove_both,1,seats,"The X5 for me felt like too stiff of a ride… The Genesis… had the comfiest seats",https://old.reddit.com/r/GenesisMotors/comments/1sk09pg/
198,Genesis GV70,Audi Q5,2.0,5,reddit,test_drove_both,0,seats,"GV70 was most comfortable by a decent margin with the Volvo in second… I particularly dislike the seats [on the Q5]",https://old.reddit.com/r/whatcarshouldIbuy/comments/1dmc9ks/
199,Porsche Cayenne,BMW X5,2.0,28,reddit,test_drove_both,1,ride,"The X5 was stiff as a board, even with air suspension… driving the Cayenne with air suspension + PASM as magical",https://old.reddit.com/r/PorscheCayenne/comments/1tvn2cc/
200,Mercedes GLC,BMW X3,3.0,2,reddit,owned_both,0,nvh,"It drives way more smoothly and quietly than the X3 did so it's quite a bit more comfortable to me",https://old.reddit.com/r/BMWX3/comments/1kugnjo/
201,Mercedes GLC,BMW X3,2.0,1,reddit,test_drove_both,0,overall,"the Mercedes was FAR more comfortable for us… you get more comfort and quiet with Mercedes",https://old.reddit.com/r/BMWX3/comments/1kugnjo/
202,Acura MDX,Volvo XC90,3.0,2,reddit,owned_both,0,ride,"MDX smoother ride, absorbs bumps better… much smoother ride in MDX",https://old.reddit.com/r/VolvoXC90/comments/1hq7e22/
203,Lexus RX,BMW X5,2.0,241,reddit,test_drove_both,0,ride,"Suspension Comfort: RX350L > X5 > MDX > Q8 > Cayenne > Q7",https://old.reddit.com/r/whatcarshouldIbuy/comments/1bexbx9/
204,Genesis GV70,Volvo XC60,2.0,5,reddit,test_drove_both,0,seats,"GV70 was most comfortable by a decent margin with the Volvo in second",https://old.reddit.com/r/whatcarshouldIbuy/comments/1dmc9ks/
205,Lexus RX,Volvo XC60,3.0,0,edmunds,owned_both,0,overall,"the RX is a noticeable improvement from my 2018 Volvo XC60. It's quieter, smoother, and much more comfortable",https://www.edmunds.com/lexus/rx-350/2021/suv/consumer-reviews/
206,Honda Pilot,Kia Telluride,2.0,0,edmunds,test_drove_both,0,seats,"the Kia was sexier but I found the Honda had a more comfortable seat for my old back",https://www.edmunds.com/honda/pilot/2021/suv/consumer-reviews/
207,Toyota Highlander,Toyota Venza,3.0,0,edmunds,owned_both,0,ride,"The Venza… rides a bit stiff and road noise was irritating… [Highlander] drives much smoother than the Venza",https://www.edmunds.com/toyota/highlander-hybrid/2021/suv/consumer-reviews/
208,Toyota Venza,Toyota Highlander,2.0,0,edmunds,test_drove_both,0,nvh,"The new Highlander… not smooth, and extremely noisy… I test drove the Venza, which was not only more comfortable, but a lot quieter",https://www.edmunds.com/toyota/venza/2024/suv/consumer-reviews/
209,Hyundai Palisade,Honda CR-V,1.5,0,edmunds,owned_one_rode_other,0,overall,"We went on a two and a half hour trip in a comfortable Honda CR-V Touring and suffered from stiff joints… same trip in our Palisade Hybrid Calligraphy and felt refreshed",https://www.edmunds.com/hyundai/palisade/2026/hybrid/consumer-reviews/
210,Hyundai Palisade,Kia Telluride,3.0,0,edmunds,owned_both,0,ride,"The Telluride ride was okay, but the Palisades Calligraphy is a GREAT ride! SMOOTH!",https://www.edmunds.com/hyundai/palisade/2026/hybrid/consumer-reviews/
211,Subaru Outback,Honda CR-V,1.5,0,edmunds,owned_one_td_other,0,ride,"The ride of the Subbi is much more compliant than… my 2017 CRV… The interior of the Outback is also more comfortable",https://www.edmunds.com/subaru/outback/2023/consumer-reviews/
212,Mazda CX-5,Toyota RAV4,3.0,0,edmunds,owned_both,0,ride,"Much better ride and quieter than my 2024 RAV4",https://www.edmunds.com/mazda/cx-5/2026/suv/consumer-reviews/
213,Honda CR-V,Mazda CX-50,1.5,0,edmunds,owned_one_rode_other,0,seats,"CRV is alot better on a long trip with more comfortable seats",https://www.edmunds.com/mazda/cx-50/2024/suv/consumer-reviews/
214,Mazda CX-5,Mazda CX-50,3.0,0,edmunds,owned_both,0,seats,"Seats are hard and uncomfortable and create fatigue at any trip over an hour or two… Total miss from the cx5",https://www.edmunds.com/mazda/cx-50/2024/suv/consumer-reviews/
215,Mazda CX-50,Mazda CX-5,3.0,0,edmunds,owned_both,0,seats,"the most important difference is the front seats. The CX-5 seats always felt a bit small… The CX-50 seats are really nice",https://www.edmunds.com/mazda/cx-50/2024/suv/consumer-reviews/
216,Honda Pilot,Honda CR-V,3.0,0,edmunds,owned_both,0,nvh,"I traded in my Honda CR-V 2017 for the Pilot 2021 SE… The car is very quiet compared to my CR-V",https://www.edmunds.com/honda/pilot/2021/consumer-reviews/
217,Lincoln Aviator,Lexus RX,3.0,0,edmunds,owned_both,0,ride,"We moved from a Lexus RX350 to the 2022 Aviator Reserve… The ride and technology blow away the RX",https://www.edmunds.com/lincoln/aviator/2022/consumer-reviews/
218,Lexus NX,Lexus RX,3.0,0,edmunds,owned_both,0,ride,"Drives smoother and quieter than my 2021 RX 350. Phenomenal ride quality",https://www.edmunds.com/lexus/nx-450hplus/2022/suv/consumer-reviews/
219,Subaru Outback,Toyota RAV4,1.5,0,reddit,test_drove_both,1,ride,"I just test drove a 2020 outback and a 2019 rav4 le today. To be honest, the outback felt substantially better… it drove smoother",https://old.reddit.com/r/Subaru_Outback/comments/1rryw3t/
222,Subaru Outback,Toyota RAV4,2.0,7,reddit,test_drove_both,0,nvh,The Outback's cabin is quieter than the RAV4 hybrid at highway speeds. Gas RAV4 will be even louder,https://old.reddit.com/r/rav4club/comments/vgj6rw/
224,Subaru Outback,Subaru Forester,3.0,19,reddit,owned_both,0,ride,"As an owner of both the Outback is the nicer car. Smoother ride, quieter, interior feels more premium",https://old.reddit.com/r/subaru/comments/1864k3l/
228,Subaru Outback,Subaru Crosstrek,3.0,1,reddit,owned_both,0,nvh,the interior of the Outback is a significant upgrade as its far quieter and probably one of the most comfortable cars I've sat in,https://old.reddit.com/r/subaru/comments/1864k3l/
229,Honda CR-V,Subaru Outback,3.0,0,reddit,owned_both,0,ride,"I own both… 25 Outback Onyx and spouse has a 26 CRV Hybrid Touring. The CRV is a smoother, quicker, quieter vehicle… the ride in the CRV really is slightly nicer and feels more soft/floaty",https://old.reddit.com/r/Subaru_Outback/comments/1nzgqor/
230,Subaru Outback 2026,Subaru Outback,3.0,0,reddit,owned_both,1,ride,"I had a '20 Premium, and my '26 Limited is definitely quieter and smoother",https://old.reddit.com/r/Subaru_Outback/comments/1sci3jp/
232,Subaru Outback 2026,Subaru Forester,2.0,43,reddit,test_drove_both,0,ride,"2026 Outback vs 2023 Forester: it is nicer in a lot of ways — quieter cabin, smoother ride — but I couldn't get past the driving position and sightlines",https://old.reddit.com/r/SubaruForester/comments/1siky1s/
233,Subaru Outback 2026,Toyota 4Runner,1.5,6,reddit,owned_one_td_other,1,nvh,"it is far far quieter than my 5th gen 4Runner, even with the wilderness trim on the outback which has AT tires",https://old.reddit.com/r/Subaru_Outback/comments/1sci3jp/
234,Subaru Ascent,Hyundai Palisade,2.0,14,reddit,test_drove_both,1,ride,"compared it to the Toyota Highlander, Hyundai Palisade and Kia Telluride… The driving felt smoother and quieter to me than the 3 others",https://old.reddit.com/r/SubaruAscent/comments/qd4b5z/
235,Subaru Ascent,Kia Telluride,2.0,14,reddit,test_drove_both,1,ride,"compared it to the Toyota Highlander, Hyundai Palisade and Kia Telluride… The driving felt smoother and quieter to me than the 3 others",https://old.reddit.com/r/SubaruAscent/comments/qd4b5z/
236,Subaru Ascent,Toyota Highlander,2.0,14,reddit,test_drove_both,1,ride,"compared it to the Toyota Highlander, Hyundai Palisade and Kia Telluride… The driving felt smoother and quieter to me than the 3 others",https://old.reddit.com/r/SubaruAscent/comments/qd4b5z/
237,Kia Telluride,Subaru Ascent,2.0,14,reddit,test_drove_both,0,nvh,"Wanted to look at other makes so we drove the Honda pilot, Palisade, Telluride and Highlander. The Telluride is so very nice, much quieter than the Ascent",https://old.reddit.com/r/SubaruAscent/comments/1g5ynww/
238,Subaru Ascent,Kia Telluride,2.0,33,reddit,test_drove_both,1,ride,"Telluride drove like absolute garbage, it was nice inside… Palisade… drove just like the telluride",https://old.reddit.com/r/SubaruAscent/comments/1g5ynww/
239,Subaru Ascent,Hyundai Palisade,2.0,33,reddit,test_drove_both,1,ride,Palisade was nice but… We did test drive a certified pre owned and it drove just like the telluride did,https://old.reddit.com/r/SubaruAscent/comments/1g5ynww/
240,Subaru Ascent,Honda Pilot,2.0,33,reddit,test_drove_both,1,ride,Honda Pilot… not worth its price tag. It felt more like a body on frame SUV,https://old.reddit.com/r/SubaruAscent/comments/1g5ynww/
242,Subaru Ascent,Subaru Outback,2.0,23,reddit,test_drove_both,1,nvh,"We test drove all 3 and at 70mph the Ascent was roughly 5dB quieter than both [Forester and Outback]. Suspension is softest, more comfortable on bad Michigan roads",https://old.reddit.com/r/SubaruAscent/comments/1jwr14g/
243,Subaru Ascent,Subaru Forester,2.0,23,reddit,test_drove_both,1,nvh,We test drove all 3 and at 70mph the Ascent was roughly 5dB quieter than both [Forester and Outback],https://old.reddit.com/r/SubaruAscent/comments/1jwr14g/
246,Subaru Ascent,Chevrolet Suburban,3.0,14,reddit,owned_both,1,ride,Just took Subaru ascent on a 11 hour road trip. Absolutely comfortable and smooth af on the highway. Honestly drove better on highway than my suburb,https://old.reddit.com/r/SubaruAscent/comments/1jwr14g/
247,Lexus RX,Lexus GX,3.0,3,reddit,owned_both,0,ride,"We have both… wife drives an RX450 hL, I drive a GX. The unibody RX is much much smoother when handling the road. Its really comfortable. The GX… rides like a truck",https://old.reddit.com/r/Lexus/comments/18r9z6m/
249,Lexus GX,Lexus RX,3.0,3,reddit,owned_both,0,ride,I had the 2021 RX 350 and now the 2023 GX 460… I enjoy the ride of the GX 460 better. I think that the ride is smoother… more comfortable to ride in,https://old.reddit.com/r/Lexus/comments/18r9z6m/
253,Lexus RX,Toyota Highlander,3.0,0,reddit,owned_both,0,ride,I did the same move but 2018 highlander to 2020 rx… RX is premium with better interior and smoother to drive,https://old.reddit.com/r/Lexus/comments/1hue8eu/
255,Lexus GX,Toyota 4Runner,2.0,34,reddit,test_drove_both,1,ride,"Went GX. Night and day difference between daily driving ride quality… Softer ride, quieter ride, smoother ride",https://old.reddit.com/r/LexusGX/comments/177g7u9/
259,Lexus GX,Toyota 4Runner,3.0,0,reddit,owned_both,1,seats,"I've owned 2 5th gen 4Runners… switched to a '21 GX460… much quieter cabin, more comfy seats",https://old.reddit.com/r/LexusGX/comments/1u23qmr/
261,Lexus GX,Toyota 4Runner,3.0,0,edmunds,owned_both,0,ride,"It feels a little heavier than the 4Runner which it is, but it is smoother and quiet overall",https://www.edmunds.com/lexus/gx-460/2018/suv/consumer-reviews/
262,Subaru Outback,Toyota RAV4,3.0,2,reddit,owned_both,1,ride,"I traded a 2019 RAV4 Limited for a 2025 Outback… The Outback is a more comfortable ride… The RAV handles like a small truck, louder and more stiff",https://old.reddit.com/r/Subaru_Outback/comments/1rryw3t/
263,Subaru Outback,Toyota RAV4,1.5,5,reddit,owned_one_td_other,1,nvh,ended up with an Outback after hating the test drive of the rav4… ambient road noise in the cabin of the rav4 was too annoying,https://old.reddit.com/r/Subaru_Outback/comments/1rryw3t/
264,Subaru Outback,Toyota RAV4,1.5,0,reddit,owned_one_family,0,nvh,"I have a 19 Rav4, and my wife has a 22 Outback Wilderness… The Outback also has less noise coming into the cabin",https://old.reddit.com/r/rav4club/comments/vgj6rw/
265,Subaru Outback,Subaru Forester,3.0,40,reddit,owned_both,0,nvh,The outback is much quieter and more luxurious with better leg room and seating position for taller people,https://old.reddit.com/r/subaru/comments/1864k3l/
266,Subaru Outback,Subaru Forester,3.0,1,reddit,owned_both,0,nvh,Just traded my forester for an outback… SO much quieter with a lower center of gravity,https://old.reddit.com/r/subaru/comments/1864k3l/
267,Subaru Outback,Subaru Forester,3.0,0,reddit,owned_both,0,ride,"A 14 Forester and an 18 outback… The outback is much roomier, and a little more plush… much smoother, more luxury feeling ride. I love driving the outback on long trips",https://old.reddit.com/r/subaru/comments/1864k3l/
268,Subaru Outback 2026,Subaru Outback,3.0,0,reddit,owned_both,1,nvh,My 2026 Touring is much quieter than my 2019 Limited,https://old.reddit.com/r/Subaru_Outback/comments/1sci3jp/
269,Subaru Ascent,Honda Pilot,2.0,4,reddit,test_drove_both,1,seats,Both the Pilot and Highlanders felt tight in the front seat… The Ascent feels roomy… wife said the interior of the Pilot was trucky,https://old.reddit.com/r/SubaruAscent/comments/1g5ynww/
270,Subaru Ascent,Subaru Outback,3.0,8,reddit,owned_both,1,ride,I've had an outback and now I have an ascent! I love my ascent. It is sooo smooth and comfortable,https://old.reddit.com/r/SubaruAscent/comments/1jwr14g/
271,Subaru Ascent,Subaru Forester,3.0,4,reddit,owned_both,1,overall,"I have both… The Ascent is nicer to drive… For driving on long trips, the Ascent beats the Forester",https://old.reddit.com/r/SubaruAscent/comments/1jwr14g/
272,Lexus RX,Lexus GX,1.5,11,reddit,owned_one_family,0,ride,"I have a GX, and my sibling has an rx350… The rx is a much smoother drive",https://old.reddit.com/r/Lexus/comments/18r9z6m/
273,Lexus GX,Lexus RX,3.0,4,reddit,owned_both,0,overall,"Having owned both, IMO the gx is more comfortable for day to day use due to road noise and general ride comfort",https://old.reddit.com/r/Lexus/comments/18r9z6m/
274,Lexus GX,Lexus RX,1.5,69,reddit,owned_one_loaner,0,nvh,I own a GX… driven an RX loaner… less wind/road noise [in the GX],https://old.reddit.com/r/Lexus/comments/18r9z6m/
275,Lexus RX,Lexus GX,3.0,3,reddit,owned_both,0,ride,We had a RX but traded it in on a GX… Car like ride in RX was more comfortable however GX will be my forever car,https://old.reddit.com/r/Lexus/comments/18r9z6m/
276,Lexus RX,Toyota Highlander,3.0,1,reddit,owned_both,0,ride,"We made the trade [2023 Highlander XLE for CPO 2022 RX350]… it is such a smoother ride. Quieter cabin, smooth V6, so comfortable",https://old.reddit.com/r/Lexus/comments/1hue8eu/
277,Lexus GX,Toyota 4Runner,3.0,5,reddit,owned_both,1,nvh,"I have a 2023 GX, a 2023 4Runner TRD Pro, and a 2011 4Runner Limited… The GX is quieter, more nicely finished",https://old.reddit.com/r/LexusGX/comments/177g7u9/
278,Lexus GX,Toyota 4Runner,3.0,1,reddit,owned_both,1,ride,I had a 17 trd pro… now have a 23 gx blackline and the gx is better. It rides so quiet and smooth,https://old.reddit.com/r/LexusGX/comments/177g7u9/
279,Lexus GX,Toyota 4Runner,3.0,1,reddit,owned_both,1,overall,"I've had three limited 4Runners and now a 21 GX460 luxury… the ride, comfort, noise level, and overall feel of the Lexus is leaps ahead of the 4Runner",https://old.reddit.com/r/LexusGX/comments/177g7u9/
280,Lexus GX,Toyota 4Runner,3.0,0,reddit,owned_both,1,seats,"I've had many 4Runners and one GX… The newer 4Runners are uncomfortable as hell… if you are doing any long trips, you'll want the GX",https://old.reddit.com/r/LexusGX/comments/1u23qmr/
281,Subaru Outback,Honda CR-V,3.0,2,reddit,owned_both,1,ride,"We have a 2020 Honda CR-V and a 2024 Subaru Outback. The Subaru is a much nicer ride, both in comfort and road noise",https://old.reddit.com/r/subaru/comments/17smnw2/
282,Subaru Outback,Honda CR-V,3.0,0,reddit,owned_both,1,nvh,My 22 Touring is much quieter than my 20 Honda CRV Touring was and drives much smoother as well,https://old.reddit.com/r/Subaru_Outback/comments/1362pju/
283,Subaru Outback,Honda CR-V,3.0,15,reddit,owned_both,1,seats,2024 crv sport touring (hybrid) and a 2025 outback touring XT… the outback wins in comfort - both as driver and passenger… the CRV… now seems noisier… the outback seat was roomier and more comfortable,https://old.reddit.com/r/Subaru_Outback/comments/1iuxw29/
284,Honda CR-V,Subaru Outback,2.0,4,reddit,test_drove_both,1,ride,I just test drove a 24 outback limited and 24 crv hybrid… The drive was smoother… in the crv… The seating is more comfortable in the outback too,https://old.reddit.com/r/Subaru_Outback/comments/17hwgh8/
285,Subaru Outback,Honda CR-V,2.0,4,reddit,test_drove_both,1,seats,I just test drove a 24 outback limited and 24 crv hybrid… The seating is more comfortable in the outback too,https://old.reddit.com/r/Subaru_Outback/comments/17hwgh8/
286,Honda CR-V,Subaru Outback,3.0,2,reddit,owned_both,0,ride,"We have a '17 CRV and '20 Outback and… both my wife and I vastly prefer the fit/finish, ride quality… of the CRV",https://old.reddit.com/r/Subaru_Outback/comments/17hwgh8/
287,Honda CR-V,Subaru Outback,3.0,9,reddit,owned_both,1,ride,"I prefer the quiet, smoother, and more comfortable ride of the CRV over the Outback (have owned both)",https://old.reddit.com/r/crv/comments/1ffv16x/
288,Mazda CX-5,Subaru Outback,2.0,0,reddit,test_drove_both,1,nvh,"2024 CX-5 Very quiet. 2024 Outback: Suspension was just harsh… Lots of road noise… CX-5 is still better ride, and MUCH quieter",https://old.reddit.com/r/CX5/comments/1c3fdwi/
289,Subaru Outback 2026,Subaru Outback,1.5,6,reddit,owned_one_td_other,1,seats,I found the seats in the 26 Limited to be much more comfortable than those in my 25 Limited… I also thought it was an improved ride quality,https://old.reddit.com/r/Subaru_Outback/comments/1pmjeqj/
290,Subaru Outback 2026,Subaru Outback,3.0,3,reddit,owned_both,1,nvh,It's snappier and quieter than our 2023… Both touring XT,https://old.reddit.com/r/Subaru_Outback/comments/1pmjeqj/
291,Honda CR-V,Subaru Outback 2026,2.0,9,reddit,test_drove_both,1,ride,26 OB wasn't the smoothest ride of all the cars we test drove - that goes to the Honda CR-V,https://old.reddit.com/r/Subaru_Outback/comments/1pmjeqj/
292,Subaru Outback 2026,Honda CR-V,2.0,9,reddit,test_drove_both,1,seats,The driver seat [CR-V] was okay… not as lounge comforting as the OB… Sitting drivers in the OB was just very comfortable,https://old.reddit.com/r/Subaru_Outback/comments/1pmjeqj/
293,Subaru Outback 2026,Subaru Ascent,1.5,0,reddit,owned_one_family,1,nvh,26 XT Touring… Quieter than our ascent by a landslide,https://old.reddit.com/r/Subaru_Outback/comments/1ta3wpe/
294,Subaru Outback 2026,Toyota RAV4,1.5,1,reddit,owned_one_family,1,nvh,Much quieter than my wife's 2020 RAV4 (which isn't saying much that thing is just one big road noise echo chamber),https://old.reddit.com/r/Subaru_Outback/comments/1ta3wpe/
295,Hyundai Palisade,Subaru Ascent,3.0,2,reddit,owned_both,0,overall,The Palisade has more features and is more comfortable for longer road trips,https://old.reddit.com/r/SubaruAscent/comments/1bjcca8/
296,Subaru Ascent,Hyundai Palisade,3.0,13,reddit,owned_both,1,seats,I think the seats are more comfortable in the Ascent. My wife injured her back… she prefers the Ascents taller seats,https://old.reddit.com/r/SubaruAscent/comments/1bjcca8/
297,Honda Pilot,Subaru Ascent,1.5,6,reddit,owned_one_family,0,ride,"I own a 2021 Ascent and my FIL owns a 2019 Pilot, the Pilot feels nicer, is smoother, and has a better interior",https://old.reddit.com/r/SubaruAscent/comments/1dj9xz9/
298,Honda Pilot,Subaru Ascent,3.0,2,reddit,owned_both,0,seats,I have a '23 Ascent Onyx Limited and my wife has a '21 Pilot Elite… her Pilot is more comfortable to drive and the seats feel better,https://old.reddit.com/r/SubaruAscent/comments/1bfo6n3/
299,Subaru Outback,Subaru Ascent,3.0,6,reddit,owned_both,0,ride,Made this exact change. The outback rides better and is more comfortable actually,https://old.reddit.com/r/SubaruAscent/comments/1r3whaw/
300,Subaru Outback,Subaru Ascent,3.0,3,reddit,owned_both,0,ride,I have a 2019 Ascent Touring and a 2024 Outback Touring XT… I also feel the outback rides better,https://old.reddit.com/r/SubaruAscent/comments/1r3whaw/
301,Subaru Ascent,Subaru Outback,3.0,4,reddit,owned_both,1,overall,the Ascent is better for long drives due to driver seat positioning. We have both an Outback and Ascent and use the Ascent for long drives… more comfortable,https://old.reddit.com/r/SubaruAscent/comments/1r3whaw/
302,Subaru Ascent,Subaru Outback,3.0,8,reddit,owned_both,1,ride,Husband has an 2022 outback premium and I… 2023 ascent touring… I found it to be a more comfortable and smoother ride,https://old.reddit.com/r/SubaruAscent/comments/1m4zfmh/
303,Subaru Ascent,Volkswagen Atlas,2.0,0,edmunds,test_drove_both,0,nvh,"When test-driving the Atlas, Highlander and Pilot, I noticed considerable low-frequency noise on the highway. The Ascent is as very quiet",https://www.edmunds.com/subaru/ascent/2019/suv/consumer-reviews/
304,Subaru Ascent,Toyota Highlander,2.0,0,edmunds,test_drove_both,0,nvh,"When test-driving the Atlas, Highlander and Pilot, I noticed considerable low-frequency noise on the highway. The Ascent is as very quiet",https://www.edmunds.com/subaru/ascent/2019/suv/consumer-reviews/
305,Subaru Ascent,Honda Pilot,2.0,0,edmunds,test_drove_both,0,nvh,"When test-driving the Atlas, Highlander and Pilot, I noticed considerable low-frequency noise on the highway. The Ascent is as very quiet",https://www.edmunds.com/subaru/ascent/2019/suv/consumer-reviews/
306,Hyundai Palisade,Subaru Ascent,2.0,6,reddit,test_drove_both,0,nvh,the ride is as good as the others (slight edge to Ascent though). Pallisade is the quietest riding too,https://old.reddit.com/r/SubaruAscent/comments/1ma59pu/
307,Lexus RX,Toyota RAV4,3.0,14,reddit,owned_both,0,nvh,"On longer road trips, the RX is hands down the better vehicle. Much more quiet, comfortable cabin, better seats and you feel far less tired after a long drive",https://old.reddit.com/r/rav4club/comments/19c8h8w/
308,Lexus RX,Audi Q5,3.0,0,edmunds,owned_both,0,overall,"I traded my 2016 Audi Q5 Premium Plus for the RX350 Premium AWD… It's quieter, smoother, and much more comfortable",https://www.edmunds.com/lexus/rx-350/2021/consumer-reviews/
309,Volvo XC90,Lexus RX,2.0,2,reddit,test_drove_both,0,ride,RX: Easily the most jarring ride. The Volvo had the best suspension of all cars (air suspension),https://old.reddit.com/r/whatcarshouldIbuy/comments/y94jed/
310,Lexus RX,Lexus GX,1.5,3,reddit,owned_one_td_other,0,seats,"I will say that for whatever reason, the RX seats are way more comfortable than the GX seats too",https://old.reddit.com/r/Lexus/comments/zrsgg8/
311,Lexus RX,Lexus GX,3.0,3,reddit,owned_both,0,ride,I moved from RX to GX. Ride is definitely day and night difference… The ride is definitely less comfortable and more bumpy especially on bumps,https://old.reddit.com/r/LexusGX/comments/1rj475g/
312,Lexus GX,Lexus RX,3.0,0,cars.com,owned_both,0,nvh,"I traded a 2020 RX350, and believe it or not, the GX is super quiet, and more so than the RX350",https://www.cars.com/research/lexus-gx_460-2023/consumer-reviews/
313,Lexus GX,Lexus TX,1.5,13,reddit,owned_one_loaner,1,nvh,the GX460 is SO much quieter than the TX350… the vibrations from the road come into the TX350's cabin much more than the GX460,https://old.reddit.com/r/Lexus/comments/1enk6x3/
314,Lexus TX,Lexus GX,1.5,13,reddit,owned_one_loaner,0,seats,I also preferred the seats on the TX350 (luxury model),https://old.reddit.com/r/Lexus/comments/1enk6x3/
315,Lexus LX,Lexus GX,3.0,13,reddit,owned_both,0,overall,"Lx is the perfection of the GX460 both in terms of handling, comfort, etc., there is a reason why it costs twice as much as the Gx460",https://old.reddit.com/r/LandCruisers/comments/1da9oqu/
316,Lexus LX,Lexus GX,1.5,51,reddit,owned_one_td_other,0,ride,the 5.7 v8 is punchier and smoother compared to the 4.6 v8… The ride quality is better on the LX as well,https://old.reddit.com/r/LexusGX/comments/1rmdvkl/
317,Lexus GX,Toyota 4Runner,3.0,3,reddit,owned_both,1,nvh,"I have a 2008 4Runner, 2022 4Runner, a 2023 GX… the GX is the quietest and most comfortable by far… The 2022 4Runner rattled me to pieces",https://old.reddit.com/r/LexusGX/comments/194pp6i/
318,Lexus GX,Lexus GX 550,2.0,193,reddit,test_drove_both,1,ride,"rides rougher and harsher than the 460. louder cabin noise than the 460—in particular, much more wind noise at highway speed",https://old.reddit.com/r/LexusGX/comments/1cmfvs1/
319,Lexus GX,Lexus GX 550,3.0,20,reddit,owned_both,1,ride,The 550 is more responsive and definitely faster than the 460… the 460 ride is smoother,https://old.reddit.com/r/LexusGX/comments/1o71m2k/
320,Lexus RX,Audi Q7,2.0,3,reddit,test_drove_both,0,ride,Love the ride quality [2022 RX350L]. Q7: Ride quality is meh compared to RX350L or at least imo. Even the 55,https://old.reddit.com/r/askcarsales/comments/v1qg9d/
