id,source_record_id,published_at,winner_model_year,loser_model_year,winner_trim,loser_trim,generation_notes,wheel_tire_suspension,ownership_context,road_context,extraction_method,snapshot_path,audit_status
6179,stmt_3aee2da2a9ef90f9,2024-09-06,2024,,Hybrid Limited,Hybrid,"2024 Santa Fe Hybrid Limited against a contemporaneous Sorento Hybrid; exact Sorento model year not stated.",,Owner of Santa Fe test-drove Sorento with her children.,Third-row family seating during test drives.,public browser HTML lines 259-271; stable statement fingerprint from source/thread/author,,included
96ce,stmt_028497734c47ead7,,,,Hybrid,Hybrid,"Current-generation hybrid Santa Fe and Sorento; public page showed the post as two months old on 2026-08-19 but exact model years were not stated.",Sorento suspension described as firmer.,Santa Fe buyer test-drove the Sorento before purchase.,Dealer test drive.,public browser HTML lines 186-206; stable statement fingerprint from source/thread/author,,included
3ba7,stmt_028497734c47ead7,,,,Hybrid,Hybrid,"Current-generation hybrid Santa Fe and Sorento; public page showed the post as two months old on 2026-08-19 but exact model years were not stated.",,Santa Fe buyer test-drove the Sorento before purchase.,Dealer test drive and cabin-noise comparison.,public browser HTML lines 186-206; stable statement fingerprint from source/thread/author,,included
6cf9,stmt_6188b2ef505cd58f,,,,top hybrid trim,top hybrid trim,"Current-generation top-trim hybrid Sorento and Santa Fe; exact model years were not stated.",Sorento had 19-inch wheels versus Santa Fe 20-inch low-profile tires.,Test-drove both and subsequently bought the Santa Fe.,Dealer test drives.,public browser HTML lines 114-127; stable statement fingerprint from source/thread/author,,included
bc4b,stmt_6188b2ef505cd58f,,,,top hybrid trim,top hybrid trim,"Current-generation top-trim hybrid Santa Fe and Sorento; exact model years were not stated.",,Test-drove both and subsequently bought the Santa Fe.,Dealer test drives and cabin-noise comparison.,public browser HTML lines 114-127; stable statement fingerprint from source/thread/author,,included
03bd,stmt_272bf182eeca0cf8,,2025,2025,Premium Plus,Land Cruiser Premium,"Thread title identifies both as 2025 models; tester was shopping GX 550 Premium Plus and Land Cruiser Premium.",Exact wheel and suspension setups not stated.,Drove both during the same shopping week.,Dealer test drives.,public browser HTML lines 238-244; stable statement fingerprint from source/thread/author,,included
f538,stmt_6f6f28bed0ea9c2e,,,,six-cylinder,V8,"Current-generation X5 and X7 in the same household; exact years and trims not stated.",Both vehicles have low-profile tires.,Owns both vehicles; household includes a family of five and a dog.,Family travel and normal driving.,public browser HTML lines 386-392; stable statement fingerprint from source/thread/author,,included
8665,stmt_5ba81f6e09930b3e,,2027,2025,,,Owner identifies a 2025 X5 and a test-driven 2027 X7.,,Owns X5 and test-drove X7.,Dealer test drive.,public browser HTML lines 295-300; stable statement fingerprint from source/thread/author,,included
c129,stmt_6a423532935551f4,,,,GV80 3.5,X5 xDrive40i,"Current-generation GV80 3.5 and X5 xDrive40i; exact model years not stated.",,Drove both and selected Genesis.,Shopping test drives.,public browser HTML lines 137-143; stable statement fingerprint from source/thread/author,,included
